{
 "genspec_sha256": "75b19bba071331ce01f0a7a8f7a021ba4800dd4bdbb9e99b56840395fc852228",
 "n_eval": 1536,
 "G_A_lasttoken": 0.52734375,
 "G_B_length": 0.55078125,
 "G_C_bigram": 0.9954427083333334,
 "G_D_frozen_single": 0,
 "G_D_oracle_single": 12,
 "G_E_leak": 0,
 "G_E_cooc": 0,
 "order1_dead": true,
 "frozen_order2_trivial": true,
 "verdict": "TWIN-REFUSED-STRUCTURAL"
}
