{
 "arms": {
  "oracle_101": {
   "F2_correct": 1527,
   "F2_n": 1536,
   "F2": 0.994140625,
   "F1_correct": 255,
   "F1_n": 256,
   "F1": 0.99609375,
   "train_tokens": 184106
  },
  "oracle_202": {
   "F2_correct": 1308,
   "F2_n": 1536,
   "F2": 0.8515625,
   "F1_correct": 220,
   "F1_n": 256,
   "F1": 0.859375,
   "train_tokens": 184106
  },
  "frozen_101": {
   "F2_correct": 1483,
   "F2_n": 1536,
   "F2": 0.9654947916666666,
   "F1_correct": 252,
   "F1_n": 256,
   "F1": 0.984375,
   "train_tokens": 201306
  },
  "frozen_202": {
   "F2_correct": 1500,
   "F2_n": 1536,
   "F2": 0.9765625,
   "F1_correct": 251,
   "F1_n": 256,
   "F1": 0.98046875,
   "train_tokens": 201306
  }
 },
 "genspec_sha256": "fbcf0c8ad444d0f3c2fa5ad018d12ce8f33ad6bcf8e0f78eb26be5495527ce2b",
 "oracle_pooled_F2": 0.9228515625,
 "frozen_pooled_F2": 0.9710286458333334,
 "delta_proxy": -0.048177083333333336,
 "elapsed_s": 55.1
}
