{
 "P-LIVE": {
  "lv_w": {
   "sign_base_full": 0.61,
   "sign_shuf_full": 0.7333333333333333,
   "sign_base_full_r": 0.680672268907563,
   "sign_shuf_full_r": 0.7394957983193278,
   "n_informative": 238
  },
  "closure": 0.75,
  "blocks": 12,
  "anchor": true
 },
 "P-OPEN": {
  "lv_w": {
   "sign_base_full": 0.5966666666666667,
   "sign_shuf_full": 0.6833333333333333,
   "sign_base_full_r": 0.5585585585585585,
   "sign_shuf_full_r": 0.6351351351351351,
   "n_informative": 222
  },
  "closure": 0.4166666666666667,
  "channel_only": true
 },
 "P-DEAD": {
  "lv_w": {
   "sign_base_full": 0.2,
   "sign_shuf_full": 0.39166666666666666,
   "sign_base_full_r": 0.19101123595505617,
   "sign_shuf_full_r": 0.2808988764044944,
   "n_informative": 89
  },
  "refused": true
 },
 "certified": true,
 "_note": "stage-A re-certification after the LV-C frame-alignment repair (H_013 null-bias root-cause, 2026-07-17); original pre-repair record: result_stageA.json"
}